[
  {
    "Id": "266834",
    "Title": "Looks amazing, but not working for pinch on an iPad",
    "LatestDate": "2011-07-28T10:51:50.003-07:00"
  },
  {
    "Id": "268051",
    "Title": "pinch on Atrix",
    "LatestDate": "2012-05-08T02:27:20.793-07:00"
  },
  {
    "Id": "280614",
    "Title": "Swipeleft, swiperight",
    "LatestDate": "2012-05-08T02:25:10.04-07:00"
  },
  {
    "Id": "336669",
    "Title": ".live/.on instead of .bind",
    "LatestDate": "2012-06-21T09:27:17.347-07:00"
  },
  {
    "Id": "354289",
    "Title": "preventDefault did not work on ipad",
    "LatestDate": "2012-05-08T02:23:47.697-07:00"
  },
  {
    "Id": "354291",
    "Title": "no luck on Samsung Galaxy Tab 10.1 (Android)",
    "LatestDate": "2012-06-11T02:56:25.583-07:00"
  },
  {
    "Id": "355370",
    "Title": "Pinch & Allow Scrolling of DIV",
    "LatestDate": "2012-07-24T11:21:08.647-07:00"
  },
  {
    "Id": "358227",
    "Title": "jGesture on Windows 7",
    "LatestDate": "2012-06-04T05:26:32.027-07:00"
  },
  {
    "Id": "359967",
    "Title": "IE10",
    "LatestDate": "2012-06-18T04:00:24.22-07:00"
  },
  {
    "Id": "390376",
    "Title": "orientationchange - example ??",
    "LatestDate": "2012-08-05T19:54:35.103-07:00"
  },
  {
    "Id": "395562",
    "Title": "No-go on Froyo",
    "LatestDate": "2012-09-14T08:36:50.443-07:00"
  },
  {
    "Id": "401600",
    "Title": "'tapone' doesnt work on multiple select option?",
    "LatestDate": "2012-11-01T13:56:21.277-07:00"
  },
  {
    "Id": "428169",
    "Title": "Fire pinchopen before touchend",
    "LatestDate": "2013-01-01T03:49:31.027-08:00"
  },
  {
    "Id": "433553",
    "Title": "tap at the same time",
    "LatestDate": "2013-02-18T09:21:16.117-08:00"
  },
  {
    "Id": "440146",
    "Title": "swipe works one time then need to click away to repeat",
    "LatestDate": "2013-04-15T18:47:05.563-07:00"
  },
  {
    "Id": "440837",
    "Title": "swipe on kindle fire silk?",
    "LatestDate": "2013-04-18T14:49:18.61-07:00"
  },
  {
    "Id": "448780",
    "Title": "rotation example",
    "LatestDate": "2013-07-01T23:15:32.06-07:00"
  },
  {
    "Id": "461133",
    "Title": "Prevent div scrolling when swiping down or up in a region of the screen",
    "LatestDate": "2013-10-05T11:31:40.32-07:00"
  },
  {
    "Id": "532342",
    "Title": "Swipe and pinch",
    "LatestDate": "2014-02-17T15:23:26.297-08:00"
  }
]