[
  {
    "Id": "653830",
    "ThreadId": "268051",
    "Html": "\r\n<p>I have swipe actions working and pinch is working on an iPhone, but it isn't working on my Motorola Atrix running Android 2.3. &nbsp;I'm trying to get access to a different Android phone to try, but haven't been able to yet. &nbsp;Are there any Android phones\r\n that have been tested with pinch? &nbsp;I tried the default browser, Dolphin HD, Opera, Skyfire, Firefox, and Maxthon. &nbsp;None could trigger the event.</p>\r\n<p>I tried pinch, pinchopen, and pinchclose.</p>\r\n",
    "PostedDate": "2011-08-06T12:21:59.853-07:00",
    "UserRole": null,
    "MarkedAsAnswerDate": null
  },
  {
    "Id": "682640",
    "ThreadId": "268051",
    "Html": "<p>Hey, never tested an \"Atrix\". But hte library should work on every useragent implementing touch events ('gesturestart/touchstart..., see W3C draft\").</p>\r\n<p>Just add your user agent string (or set the '$.hasGestures' to true ;) )</p>\r\n<p>&nbsp;&nbsp;&nbsp; $.capableDevicesInUserAgentString = ['iPad','iPhone','iPod','Mobile Safari']; // basic functionality such as swipe, pinch, rotate, tap should work on every mobile safari, e.g. GalaxyTab</p>\r\n<p>&nbsp;&nbsp;&nbsp; // get capable user agents <br />&nbsp;&nbsp;&nbsp; $.hasGestures = (function () { var _i; for(_i = 0; _i &lt; $.capableDevicesInUserAgentString.length; _i++ ) {&nbsp; if (navigator.userAgent.indexOf($.capableDevicesInUserAgentString[_i]) !== -1 ) {return true;} } return false; } )();</p>\r\n<p>And share your results!</p>",
    "PostedDate": "2011-10-11T08:38:02.173-07:00",
    "UserRole": null,
    "MarkedAsAnswerDate": null
  },
  {
    "Id": "687626",
    "ThreadId": "268051",
    "Html": "I tried adjusting the user agent string and setting hasGestures to<br>\r\ntrue, but my Atrix still isn't triggering an event on pinch. I also<br>\r\ndecided to try using pinch on a laptop with a touchpad that supported<br>\r\nit and that did work with hasGestures=true. I tested this on Opera<br>\r\nand Chrome under Windows 7.",
    "PostedDate": "2011-10-21T12:28:31.99-07:00",
    "UserRole": null,
    "MarkedAsAnswerDate": null
  },
  {
    "Id": "833332",
    "ThreadId": "268051",
    "Html": "This discussion has been copied to a work item. Click <a href=\"http://jgestures.codeplex.com/workitem/719\">here</a> to go to the work item and continue the discussion.",
    "PostedDate": "2012-05-08T02:27:20.793-07:00",
    "UserRole": null,
    "MarkedAsAnswerDate": null
  }
]