[
  {
    "Id": "1209499",
    "ThreadId": "532342",
    "Html": "Hi! First of all thank you for amazing plugin!\r<br />\n<br />\nI need to implement &quot;swipemove&quot; and &quot;pinch&quot; gestures with one element.\r<br />\nSwipe works like a charm. Actually I need &quot;swipemove&quot; with one finger.\r<br />\nBut this element is gone crazy when I try to use &quot;pinch&quot; (of course - 2 fingers).\r<br />\nI decided to provide handler for the &quot;pinch&quot; gesture and do nothing in it.\r<br />\nBut this approach didn't solve the problem.\r<br />\nAnd now I have two handlers, and in the case of &quot;pinch&quot; gesture  pinchHandler() is called first and after that swipemoveHandler() is called.\r<br />\n<br />\nIs it possible to fix? \r<br />\nMinimum goal is to save &quot;swipe move&quot; from swipe with two fingers.\r<br />\nMax goal is to use &quot;swipemove&quot; and &quot;pinch&quot; gestures simultaneously.\r<br />\n<br />\nThank you!<br />\n",
    "PostedDate": "2014-02-17T08:32:31.043-08:00",
    "UserRole": null,
    "MarkedAsAnswerDate": null
  },
  {
    "Id": "1209629",
    "ThreadId": "532342",
    "Html": "Sorry, it was my fault.\r<br />\n<br />\nswipemoveHandler: function(event, obj) {<br />\n<pre><code>    // Example: &quot;swipemove:1:right:steady&quot;\n    var _a = obj.description.split(':');\n\n    // Was this swipe gesture made ​​with one finger?\n    if(_a[1] != 1) {return;}\n\n    ....\n\n</code></pre>\n\n}<br />\n",
    "PostedDate": "2014-02-17T15:23:26.297-08:00",
    "UserRole": null,
    "MarkedAsAnswerDate": "2014-02-17T15:23:35.437-08:00"
  }
]