[
  {
    "Id": "648720",
    "ThreadId": "266834",
    "Html": "<p>I've included the latest jgestures in my application and then added the following event handler:</p>\n<div style=\"color: black; background-color: white;\">\n<pre><span style=\"color: blue;\">this</span>.container.bind(<span style=\"color: #a31515;\">\"pinch\"</span>, <span style=\"color: blue;\">function</span>(event, obj) {\n  alert(<span style=\"color: #a31515;\">\"whoa!\"</span>);\n});</pre>\n</div>\n<p>Unfortunately, when I pinch on the container element using my 1st generation iPad, I receive this error in Mobile Safari's debug log:</p>\n<div style=\"color: black; background-color: white;\">\n<pre>Javascript Error on Line 1044\nTypeError: Result of expression <span style=\"color: #a31515;\">'_oDatajQueryGestures.oStartTouch'</span> [undefined] is not an object.</pre>\n</div>\n<p>I've done some digging, and it looks like if I add the following snippet at line 1035 I can get past the error:</p>\n<div style=\"color: black; background-color: white;\">\n<pre>_oDatajQueryGestures.oStartTouch = _oDatajQueryGestures.oStartTouch || {};</pre>\n</div>\n<p>Unfortunately (as you'd expect) this provides a pinch object with no useful information. For instance, the timestamp is null and all delta information is 0's.</p>\n<p>Though I don't understand the code, it looks like the container element is not getting the 'ojQueryGestures' data set as it should. How or when it should get set I don't know, but it looks like it should be similar to something that's in the&nbsp;onTouchstart() function.</p>\n<p>Any help would be much appreciated. This library looks like the best out there, hands down.</p>",
    "PostedDate": "2011-07-27T20:35:51.593-07:00",
    "UserRole": null,
    "MarkedAsAnswerDate": null
  },
  {
    "Id": "648727",
    "ThreadId": "266834",
    "Html": "<p>I was also able to get around this by adding the following snippet at 419. This prevented the error, but still there are no deltas.</p>\r\n<p>\r\n<div style=\"color: black; background-color: white;\">\r\n<pre>_$element.get(0).addEventListener(<span style=\"color: #a31515;\">'touchstart'</span>, _onTouchstart, <span style=\"color: blue;\">false</span>);\r\n</pre>\r\n</div>\r\n</p>\r\n<p>I'm I reading the code right in&nbsp;_onGesturechange() -- does it not even compute any deltas or new screenX's / screenY's for subsequent pinch events?</p>",
    "PostedDate": "2011-07-27T21:34:17.73-07:00",
    "UserRole": null,
    "MarkedAsAnswerDate": null
  },
  {
    "Id": "649085",
    "ThreadId": "266834",
    "Html": "<p>Pinch is fully implemented in 0.85 &nbsp;:)</p>\r\n<p>http://jgestures.codeplex.com/releases/view/70829</p>\r\n<p>Cheers</p>",
    "PostedDate": "2011-07-28T10:51:50.003-07:00",
    "UserRole": null,
    "MarkedAsAnswerDate": null
  }
]