[
  {
    "Id": "1029873",
    "ThreadId": "440146",
    "Html": "I copied code into my own html page. the swipe left and right work one time when events are bound to a &lt;div&gt;. after that you have to click away from the div to get the events to respond again. any guess why that is?<br />\n<br />\nthis is on a desktop FF browser. I am debugging and using mouse simulated swipe.<br />\n",
    "PostedDate": "2013-04-12T17:17:45.697-07:00",
    "UserRole": null,
    "MarkedAsAnswerDate": null
  },
  {
    "Id": "1030896",
    "ThreadId": "440146",
    "Html": "apparently, this happens when the area you are swiping in is empty. In the tutorial page, if you remove the &lt;code&gt; &lt;/code&gt; section, you can reproduce this effect.<br />\n",
    "PostedDate": "2013-04-15T18:47:05.563-07:00",
    "UserRole": null,
    "MarkedAsAnswerDate": null
  }
]