[
  {
    "Id": "702489",
    "ThreadId": "280614",
    "Html": "\r\n<p>First of all, this is a great script. But I'm trying to understand why are the swipeleft, swipeleftup, swipeleftdown, swiperight, swiperightup and swiperightdown events triggered multiple times a<span>fter the touch/gesture&nbsp;</span><br>\r\n<span>has completed. In my experience, they're triggered at least three times for every event.</span></p>\r\n",
    "PostedDate": "2011-11-23T10:33:04.21-08:00",
    "UserRole": null,
    "MarkedAsAnswerDate": null
  },
  {
    "Id": "833331",
    "ThreadId": "280614",
    "Html": "This discussion has been copied to a work item. Click <a href=\"http://jgestures.codeplex.com/workitem/718\">here</a> to go to the work item and continue the discussion.",
    "PostedDate": "2012-05-08T02:25:10.04-07:00",
    "UserRole": null,
    "MarkedAsAnswerDate": null
  }
]