[
  {
    "Id": "790005",
    "ThreadId": "336669",
    "Html": "\r\n<p>Hi,</p>\r\n<p>I'm trying to use .live (I think it's moved on to .on in jQuery 1.7) instead of .bind, but this is not working.</p>\r\n<p>Any ideas?</p>\r\n<p>Thanks</p>\r\n",
    "PostedDate": "2012-02-21T07:10:00.013-08:00",
    "UserRole": null,
    "MarkedAsAnswerDate": null
  },
  {
    "Id": "852198",
    "ThreadId": "336669",
    "Html": "<p>seems that .on / .live / .delegate doesn't work with jgestures.</p>\r\n<p>i think this is a major issue, if you use jQuery right. bind is deprecated since jquery 1.7</p>\r\n<p>&nbsp;</p>\r\n<p>an answer to this shouldn't be that complicated, thanks</p>",
    "PostedDate": "2012-06-21T09:27:17.347-07:00",
    "UserRole": null,
    "MarkedAsAnswerDate": null
  }
]