[
  {
    "Id": "935433",
    "ThreadId": "401600",
    "Html": "\r\n<p>I'm trying to trigger tap event on <strong>select option element</strong>. I need this for iPad, i want to select/deselect some option inside select element, but seems 'tapone' event doesnt work on that element?</p>\r\n<p><strong>I tried to add alert('message') on tapone event</strong> just to make sure is it working, but nothing happens. I tried on another element (span) and it works just fine.</p>\r\n<p>&nbsp;</p>\r\n<p>Can anyone help me with this?</p>\r\n<p>&nbsp;</p>\r\n<p>Thanks a lot!</p>\r\n",
    "PostedDate": "2012-11-01T13:56:21.277-07:00",
    "UserRole": null,
    "MarkedAsAnswerDate": null
  }
]