{
  "WorkItem": {
    "AffectedComponent": {
      "Name": "",
      "DisplayName": ""
    },
    "ClosedComment": "http&#58;&#47;&#47;jgestures.codeplex.com&#47;releases&#47;view&#47;89406",
    "ClosedDate": "2012-06-12T08:38:45.25-07:00",
    "CommentCount": 0,
    "Custom": null,
    "Description": "First of all, this is a great script. But I'm trying to understand why are the swipeleft, swipeleftup, swipeleftdown, swiperight, swiperightup and swiperightdown events triggered multiple times after the touch/gesture \nhas completed. In my experience, they're triggered at least three times for every event.",
    "LastUpdatedDate": "2013-05-16T04:37:21.01-07:00",
    "PlannedForRelease": "",
    "ReleaseVisibleToPublic": false,
    "Priority": {
      "Name": "High",
      "Severity": 150,
      "Id": 3
    },
    "ProjectName": "jGestures",
    "ReportedDate": "2012-05-08T02:25:02.59-07:00",
    "Status": {
      "Name": "Closed",
      "Id": 4
    },
    "ReasonClosed": {
      "Name": "Unassigned"
    },
    "Summary": "Swipeleft, swiperight events triggered multiple times",
    "Type": {
      "Name": "Issue",
      "Id": 3
    },
    "VoteCount": 1,
    "Id": 718
  },
  "FileAttachments": [
    {
      "FileId": 321,
      "FileName": "jquery.jgestures.js",
      "DownloadUrl": ".\\321"
    }
  ],
  "Comments": [
    {
      "Message": "have the same issue. really liked the library but this made me stop using it. wish you luck in further development.",
      "PostedDate": "2012-05-23T06:36:31.98-07:00",
      "Id": -2147483648
    },
    {
      "Message": "",
      "PostedDate": "2012-05-25T07:07:23.41-07:00",
      "Id": -2147483648
    },
    {
      "Message": "",
      "PostedDate": "2012-06-02T16:27:55.35-07:00",
      "Id": -2147483648
    },
    {
      "Message": "If you look at the _onTouchend function, you'll notice that each bound event is put through a loop and switch statement.  Unfortunately, the script doesn't detect the matching event (it fires off all bound events under the corresponding switch statement cases), so I've added a simple check to the trigger handler that fires off your callback function only if it matches the event that occurred.  For others experiencing problems with similar bound events firing multiple times, this same logic can be applied.\r\n\r\n//if the swipe matches the current bound swipe type in the loop, trigger the callback\r\nif (_sType == _oDetails.type) {\r\n   _$element.triggerHandler(_oDetails.type, _oDetails);\r\n}",
      "PostedDate": "2012-06-02T16:27:56.297-07:00",
      "Id": -2147483648
    },
    {
      "Message": "",
      "PostedDate": "2012-06-12T08:38:45.25-07:00",
      "Id": -2147483648
    },
    {
      "Message": "",
      "PostedDate": "2013-02-21T17:36:40.54-08:00",
      "Id": -2147483648
    },
    {
      "Message": "",
      "PostedDate": "2013-05-16T04:37:21.01-07:00",
      "Id": -2147483648
    }
  ]
}