{
  "WorkItem": {
    "AffectedComponent": {
      "Name": "",
      "DisplayName": ""
    },
    "ClosedComment": "",
    "ClosedDate": null,
    "CommentCount": 0,
    "Custom": null,
    "Description": "A long hold gesture to trigger context menus is pretty common. I'd love to see that implemented.",
    "LastUpdatedDate": "2013-02-21T17:36:39.953-08:00",
    "PlannedForRelease": "",
    "ReleaseVisibleToPublic": false,
    "Priority": {
      "Name": "Low",
      "Severity": 50,
      "Id": 1
    },
    "ProjectName": "jGestures",
    "ReportedDate": "2012-05-29T14:39:41.497-07:00",
    "Status": {
      "Name": "Proposed",
      "Id": 1
    },
    "ReasonClosed": {
      "Name": "Unassigned"
    },
    "Summary": "Long Hold",
    "Type": {
      "Name": "Issue",
      "Id": 3
    },
    "VoteCount": 1,
    "Id": 731
  },
  "FileAttachments": [],
  "Comments": [
    {
      "Message": "It's possible now. Here's an example.\r\n\r\n    $(\"#item\").bind(\"touchstart\", function(event, obj) {\r\n      if (event.target) {\r\n        evtTarget=event.target;\r\n      } else {\r\n        // Internet Explorer's method\r\n        evtTarget=event.srcElement;\r\n      }\r\n\r\n      // Prevent the browser scrolling, clicks, and hover actions\r\n      event.preventDefault();\r\n\r\n      // Start the timer for a long press\r\n      tapTimeout=setTimeout(function () {\r\n        // actions to take on a long press go here\r\n      }\r\n    });\r\n\r\n    $(\"#item\").bind(\"touchend\", function(event, obj) {\r\n        // Cancel the long press if it hasn't already triggered\r\n        clearTimeout(tapTimeout);\r\n    });\r\n",
      "PostedDate": "2012-05-30T04:28:59.98-07:00",
      "Id": -2147483648
    },
    {
      "Message": "",
      "PostedDate": "2013-02-21T17:36:39.953-08:00",
      "Id": -2147483648
    }
  ]
}