{
  "WorkItem": {
    "AffectedComponent": {
      "Name": "",
      "DisplayName": ""
    },
    "ClosedComment": "",
    "ClosedDate": null,
    "CommentCount": 0,
    "Custom": null,
    "Description": "It would be nice to have mappings for `tapstart` and `tapend`.\n \nThe mapping is very simple:\n \ntapstart = mobile ? \"touchstart\" : \"mousedown\"\n \nand\n \ntapend = mobile ? \"touchend\" : \"mouseup\"\n \nI'd add the code to the library myself, but you're not using Github.",
    "LastUpdatedDate": "2013-07-23T04:07:53.38-07:00",
    "PlannedForRelease": "",
    "ReleaseVisibleToPublic": false,
    "Priority": {
      "Name": "Low",
      "Severity": 50,
      "Id": 1
    },
    "ProjectName": "jGestures",
    "ReportedDate": "2012-06-02T08:11:22.033-07:00",
    "Status": {
      "Name": "Proposed",
      "Id": 1
    },
    "ReasonClosed": {
      "Name": "Unassigned"
    },
    "Summary": "tapstart & tapend",
    "Type": {
      "Name": "Issue",
      "Id": 3
    },
    "VoteCount": 1,
    "Id": 733
  },
  "FileAttachments": [],
  "Comments": [
    {
      "Message": "I would like to have this aswell.",
      "PostedDate": "2013-07-23T04:07:53.38-07:00",
      "Id": -2147483648
    }
  ]
}