{
  "WorkItem": {
    "AffectedComponent": {
      "Name": "",
      "DisplayName": ""
    },
    "ClosedComment": "",
    "ClosedDate": null,
    "CommentCount": 0,
    "Custom": null,
    "Description": "First, thanks a lot for the script, it's been a big help.\n \nI've come across a possible issue, as I have a view that pans and zooms, so have attached a 'swipe' and 'pinch' listener. The problem i have is that if i pinch, then both pinch and swipe get fired and if i swipe with two fingers, then pinch gets fired intermittently as well. Is this expected behaviour or have i done something wrong?",
    "LastUpdatedDate": "2014-02-16T15:40:35.207-08:00",
    "PlannedForRelease": "",
    "ReleaseVisibleToPublic": false,
    "Priority": {
      "Name": "Low",
      "Severity": 50,
      "Id": 1
    },
    "ProjectName": "jGestures",
    "ReportedDate": "2012-05-21T09:22:01.497-07:00",
    "Status": {
      "Name": "Proposed",
      "Id": 1
    },
    "ReasonClosed": {
      "Name": "Unassigned"
    },
    "Summary": "swipe and pinch both fired",
    "Type": {
      "Name": "Issue",
      "Id": 3
    },
    "VoteCount": 3,
    "Id": 728
  },
  "FileAttachments": [],
  "Comments": [
    {
      "Message": "http://jgestures.codeplex.com/releases/view/89406\r\n\r\n\n\n** Closed by neuedigitale 6/12/2012 8:38 AM",
      "PostedDate": "2012-06-12T08:38:41.5-07:00",
      "Id": -2147483648
    },
    {
      "Message": "",
      "PostedDate": "2012-06-12T08:38:41.963-07:00",
      "Id": -2147483648
    },
    {
      "Message": "Hi,\r\n\r\nthanks for the response, has this issue been resolved? The link doesn't resolve to a page with anything on and i've tested the lasted version and the issue still occurs?\r\n\r\nThe problem appears to be due to the fact that pinch still gets fired if the two fingers are moving in the same direction (i'm presuming it only tests to see if the distance between the two fingers has changed, not their directionality, to determine if a pinch has occurred), when they should only get fired if they're moving in opposite directions.\r\n\r\nAnd swipe should be the opposite, where it only gets fired if the fingers are travelling in the same direction, not just moving.\r\n\r\nThanks,\r\n\r\nJames",
      "PostedDate": "2012-06-16T04:01:49.217-07:00",
      "Id": -2147483648
    },
    {
      "Message": "Hi\r\n\r\nI am also facing same problem.\r\n\r\nThanks\r\n\r\nPrem\r\n\r\n",
      "PostedDate": "2012-06-29T04:53:02.343-07:00",
      "Id": -2147483648
    },
    {
      "Message": "",
      "PostedDate": "2013-02-21T17:36:40.133-08:00",
      "Id": -2147483648
    },
    {
      "Message": "",
      "PostedDate": "2014-02-16T15:00:50.06-08:00",
      "Id": -2147483648
    },
    {
      "Message": "Hi\nThank you for your great work! \r\n\r\nI am also facing this problem. Please help!\r\n\r\nThanks ",
      "PostedDate": "2014-02-16T15:02:20.203-08:00",
      "Id": -2147483648
    },
    {
      "Message": "",
      "PostedDate": "2014-02-16T15:40:35.207-08:00",
      "Id": -2147483648
    }
  ]
}