{
  "WorkItem": {
    "AffectedComponent": {
      "Name": "",
      "DisplayName": ""
    },
    "ClosedComment": "",
    "ClosedDate": null,
    "CommentCount": 0,
    "Custom": null,
    "Description": "Using jQuery 1.8.0 with .on() ,like here: \n$('html').on('tapone', function(event) { console.log(event.target); }); \nreturn always the HTML Object as target. \n \nThis is wrong! \nUsing 'click' event return the clicked/touched object.\n \nThanks for the great plugin.",
    "LastUpdatedDate": "2013-10-11T21:05:26.27-07:00",
    "PlannedForRelease": "",
    "ReleaseVisibleToPublic": false,
    "Priority": {
      "Name": "Low",
      "Severity": 50,
      "Id": 1
    },
    "ProjectName": "jGestures",
    "ReportedDate": "2012-08-16T07:54:46.723-07:00",
    "Status": {
      "Name": "Proposed",
      "Id": 1
    },
    "ReasonClosed": {
      "Name": "Unassigned"
    },
    "Summary": "wrong event.target",
    "Type": {
      "Name": "Issue",
      "Id": 3
    },
    "VoteCount": 2,
    "Id": 783
  },
  "FileAttachments": [],
  "Comments": []
}