{
  "WorkItem": {
    "AffectedComponent": {
      "Name": "",
      "DisplayName": ""
    },
    "ClosedComment": "",
    "ClosedDate": null,
    "CommentCount": 0,
    "Custom": null,
    "Description": "Each swipeleft, swipeleftdown, swipeleftup event group and each swiperight swiperightdown swiperightup using the following code triggers 6 events each time a swipe is made for my Andriod device using the default webkit based browser.  On the same device with Firefox Mobile the event never triggers.  I presume that the reason it is not triggering on Firefox Mobile is that the left and right swipe actions are used by the browser.  Using event.preventDefault() simply stops the action period and no event is registered.\n \n    var swipeleftcnt = 0;\n    var swiperightcnt = 0;\n    jQuery('#swipe').bind('swiperight swiperightdown swiperightup', function(event) {\n        swiperightcnt++;\n        jQuery('#swipe-display').empty().append('swiperight'+': '+swiperightcnt);\n    });\n    jQuery('#swipe').bind('swipeleft swipeleftdown swipeleftup', function(event) {\n        swipeleftcnt++;\n        jQuery('#swipe-display').empty().append('swipeleft'+': '+swipeleftcnt);\n    });",
    "LastUpdatedDate": "2013-02-21T17:36:39.617-08:00",
    "PlannedForRelease": "",
    "ReleaseVisibleToPublic": false,
    "Priority": {
      "Name": "Low",
      "Severity": 50,
      "Id": 1
    },
    "ProjectName": "jGestures",
    "ReportedDate": "2012-06-26T08:10:06.427-07:00",
    "Status": {
      "Name": "Proposed",
      "Id": 1
    },
    "ReasonClosed": {
      "Name": "Unassigned"
    },
    "Summary": "Android Device + Webkit",
    "Type": {
      "Name": "Issue",
      "Id": 3
    },
    "VoteCount": 1,
    "Id": 736
  },
  "FileAttachments": [],
  "Comments": []
}